{"plugins":["super-divider","super-checkbox"],"theme":"Light","elements":[{"id":"abcdxyz","component":"main-element","value":{"textContent":"Daily Planner","emoji":"🦋","backgroundUrl":null,"gradientData":{"type":"linear","angle":149,"stops":[{"color":"#fee2a4","position":0},{"color":"#ff8aad","position":100}]},"bannerSize":"small"},"lastUpdated":1759474964037,"lastEdited":1759537251},{"value":{"textContent":""},"id":"RzKvSLf","component":"text-element","lastEdited":1759474999},{"value":{"textContent":"<b><i>The future belongs to those who prepare for it today.</i></b>","emoji":"💕"},"id":"nBDBPTX","component":"callout-element","lastEdited":1759475110},{"value":{"textContent":""},"id":"yaZMBPr","component":"text-element","lastEdited":1759475112},{"value":[{"id":"AtVYIwn-WyRFVwt","width":41.368421052631575,"elements":[{"id":"AtVYIwn-WyRFVwt-BpuDYHc","component":"heading2-element","value":{"textContent":"Today - <span style=\"font-weight: normal;\">DD/MM/YYYY</span>"},"lastEdited":1759537262},{"id":"AtVYIwn-WyRFVwt-dOstntu","component":"list-element","value":{"textContent":"Task","indent":0},"lastEdited":1759537262},{"id":"AtVYIwn-WyRFVwt-PzhTDrm","component":"list-element","value":{"textContent":"Task","indent":0},"lastEdited":1759537262},{"id":"AtVYIwn-WyRFVwt-aAmwDFJ","component":"list-element","value":{"textContent":"Task","indent":0},"lastEdited":1759537262}]},{"id":"AtVYIwn-yYOVlsq","width":58.631578947368425,"elements":[{"id":"AtVYIwn-yYOVlsq-GWrUAtO","component":"heading3-element","value":{"textContent":"Agenda:"},"lastEdited":1759537262},{"id":"AtVYIwn-yYOVlsq-ewVAJKK","component":"text-element","value":{"textContent":""},"lastEdited":1759537262},{"id":"AtVYIwn-yYOVlsq-IFZQEkU","component":"super-checkbox","value":{"textContent":"6:30 - Wake up","emoji":"🌻","checked":false},"lastEdited":1759537262},{"id":"AtVYIwn-yYOVlsq-wbpTMBV","component":"super-checkbox","value":{"textContent":"9:00 - Plan Day","emoji":"🍀","checked":false},"lastEdited":1759537262},{"id":"AtVYIwn-yYOVlsq-sCireWk","component":"super-checkbox","value":{"textContent":"13:00 - Lunch","emoji":"😋","checked":false},"lastEdited":1759537262},{"id":"AtVYIwn-yYOVlsq-fXYQOQo","component":"super-checkbox","value":{"textContent":"16:00 - Break and snacks","emoji":"💃","checked":false},"lastEdited":1759537262},{"id":"AtVYIwn-yYOVlsq-AbEAwEu","component":"super-checkbox","value":{"textContent":"18:00 - Unplug","emoji":"🥳","checked":false},"lastEdited":1759537262},{"id":"AtVYIwn-yYOVlsq-DINbNun","component":"super-checkbox","value":{"textContent":"21:00 - Go for a walk<br>","emoji":"🚶","checked":false},"lastEdited":1759537262}]}],"id":"AtVYIwn","component":"columns-element","lastEdited":1759537262},{"value":{"textContent":""},"id":"YIDwdht","component":"text-element","lastEdited":1759475330},{"value":{},"id":"QLZxsqL","component":"super-divider","lastEdited":1759475347},{"value":{"textContent":""},"id":"QPMKNOv","component":"text-element","lastEdited":1759475350},{"value":{"textContent":"<b>Daily wins</b>","emoji":"💖"},"id":"ANjPoZt","component":"callout-element","lastEdited":1759475682},{"value":{"textContent":"<b></b>"},"id":"SVGzSOQ","component":"text-element","lastEdited":1759475682},{"value":{"textContent":"Drink 2L water 🌊","indent":0,"checked":false,"reminder":null},"id":"JkGaGmY","component":"checkbox-element","lastEdited":1759475664},{"value":{"textContent":"Move your body 🕺","indent":0,"checked":false,"reminder":null},"id":"WbZsioL","component":"checkbox-element","lastEdited":1759475713},{"value":{"textContent":"Eat healthy 🍎","indent":0,"checked":false,"reminder":null},"id":"auXWrrt","component":"checkbox-element","lastEdited":1759476009},{"value":{"textContent":"Read a book 🔖","indent":0,"checked":false,"reminder":null},"id":"DzOXymT","component":"checkbox-element","lastEdited":1759475759},{"value":{"textContent":"Self care 🛀","indent":0,"checked":false,"reminder":null},"id":"doagDYN","component":"checkbox-element","lastEdited":1759475773},{"value":{"textContent":""},"id":"IrHcdUl","component":"text-element","lastEdited":1759475773},{"value":{},"id":"vrHOrRL","component":"super-divider","lastEdited":1759475784},{"value":{"textContent":""},"id":"tUNjMnf","component":"text-element","lastEdited":1759475794},{"value":{"textContent":"Journaling ✨"},"id":"NgpFKnR","component":"heading2-element","lastEdited":1759475933},{"value":{"textContent":""},"id":"qvHruaG","component":"text-element","lastEdited":1759475933},{"value":{"textContent":"<b>💭 How did i feel today?</b>"},"id":"XwUyFXo","component":"text-element","lastEdited":1759475960},{"value":{"textContent":"<b>💖 What made me smile today?</b>"},"id":"AHNryyN","component":"text-element","lastEdited":1759475962},{"value":{"textContent":"<b>📌 Whats something i wanna remember?</b>"},"id":"xrdMcqR","component":"text-element","lastEdited":1759475966},{"value":{"textContent":""},"id":"sgSkbcs","component":"text-element","lastEdited":1759475966},{"value":{"textContent":""},"id":"aNMHKpJ","component":"text-element","lastEdited":1759475966},{"value":{"textContent":""},"id":"pyaeqyM","component":"text-element","lastEdited":1759475967},{"value":{"textContent":"💝"},"id":"CnAkDQO","component":"heading1-element","lastEdited":1759475984}],"name":"Daily Planner"}
