{
    "plugins": [],
    "theme": "Light",
    "elements": [
        {
            "id": "abcdxyz",
            "component": "main-element",
            "value": {
                "textContent": "Image Demo Template",
                "emoji": "",
                "backgroundUrl": null,
                "bannerSize": "small"
            },
            "lastEdited": 1737200000
        },
        {
            "id": "intro1",
            "component": "text-element",
            "value": {
                "textContent": "This template demonstrates bundled assets. The image below is loaded from the ZIP file."
            },
            "lastEdited": 1737200000
        },
        {
            "id": "img1",
            "component": "image-element",
            "value": {
                "imageUrl": "./assets/demo-image.png",
                "textContent": "A demo image bundled with the template"
            },
            "lastEdited": 1737200000
        },
        {
            "id": "outro1",
            "component": "text-element",
            "value": {
                "textContent": "If you can see the image above, the asset bundling is working correctly."
            },
            "lastEdited": 1737200000
        }
    ],
    "name": "Image Demo Template"
}
