{
    "plugins": ["table-of-contents"],
    "theme": "Dark",
    "elements": [
        {
            "id": "abcdxyz",
            "lastEdited": 1737249903,
            "component": "main-element",
            "value": { "textContent": "The Hidden Infrastructure: How AI Depends on Data Centers", "emoji": "", "backgroundUrl": null, "bannerSize": "small" }
        },
        {
            "id": "intro1",
            "lastEdited": 1737249903,
            "component": "text-element",
            "value": {
                "textContent": "Artificial intelligence has become one of the most transformative technologies of our era. From chatbots that can hold nuanced conversations to systems that generate art and code, AI capabilities seem almost magical. But behind every AI response lies a vast, energy-hungry infrastructure that most users never see: data centers."
            }
        },
        {
            "id": "intro2",
            "lastEdited": 1737249903,
            "component": "text-element",
            "value": { "textContent": "" }
        },
        {
            "id": "toc1",
            "lastEdited": 1737249903,
            "component": "table-of-contents",
            "value": {}
        },
        {
            "id": "space1",
            "lastEdited": 1737249903,
            "component": "text-element",
            "value": { "textContent": "" }
        },
        {
            "id": "h2scale",
            "lastEdited": 1737249903,
            "component": "heading2-element",
            "value": { "textContent": "The Scale of AI Infrastructure" }
        },
        {
            "id": "scale1",
            "lastEdited": 1737249903,
            "component": "text-element",
            "value": {
                "textContent": "Modern AI models require extraordinary computational resources. Training a large language model can consume as much electricity as a small town uses in a year. These computations happen in massive data centers filled with thousands of specialized processors working in parallel."
            }
        },
        {
            "id": "space2",
            "lastEdited": 1737249903,
            "component": "text-element",
            "value": { "textContent": "" }
        },
        {
            "id": "img1",
            "lastEdited": 1737249903,
            "component": "image-element",
            "value": { "imageUrl": "./assets/image1.png", "textContent": "A modern data center facility with rows of server racks" }
        },
        {
            "id": "space3",
            "lastEdited": 1737249903,
            "component": "text-element",
            "value": { "textContent": "" }
        },
        {
            "id": "scale2",
            "lastEdited": 1737249903,
            "component": "text-element",
            "value": {
                "textContent": "A single query to an AI model might seem instantaneous, but it actually involves billions of mathematical operations executed across multiple GPUs. When millions of users interact with AI services simultaneously, the computational demands become staggering."
            }
        },
        {
            "id": "space4",
            "lastEdited": 1737249903,
            "component": "text-element",
            "value": { "textContent": "" }
        },
        {
            "id": "h2why",
            "lastEdited": 1737249903,
            "component": "heading2-element",
            "value": { "textContent": "Why Data Centers Matter for AI" }
        },
        {
            "id": "why1",
            "lastEdited": 1737249903,
            "component": "text-element",
            "value": {
                "textContent": "Data centers provide the three essential ingredients AI systems need: power, cooling, and connectivity. Without reliable access to all three, AI services would be impossible to deliver at scale."
            }
        },
        {
            "id": "space5",
            "lastEdited": 1737249903,
            "component": "text-element",
            "value": { "textContent": "" }
        },
        {
            "id": "h3power",
            "lastEdited": 1737249903,
            "component": "heading3-element",
            "value": { "textContent": "Power Requirements" }
        },
        {
            "id": "power1",
            "lastEdited": 1737249903,
            "component": "text-element",
            "value": {
                "textContent": "AI accelerators like GPUs and TPUs consume significantly more power than traditional servers. A single high-end AI chip can draw 700 watts or more. Multiply that by thousands of chips in a data center, and you understand why tech companies are investing billions in power infrastructure and even exploring nuclear energy options."
            }
        },
        {
            "id": "space6",
            "lastEdited": 1737249903,
            "component": "text-element",
            "value": { "textContent": "" }
        },
        {
            "id": "h3cooling",
            "lastEdited": 1737249903,
            "component": "heading3-element",
            "value": { "textContent": "Cooling Challenges" }
        },
        {
            "id": "cooling1",
            "lastEdited": 1737249903,
            "component": "text-element",
            "value": {
                "textContent": "All that computational power generates immense heat. Traditional air cooling is becoming insufficient for AI workloads, leading to innovations like liquid cooling and even underwater data centers. Keeping chips at optimal temperatures is critical for both performance and longevity."
            }
        },
        {
            "id": "space7",
            "lastEdited": 1737249903,
            "component": "text-element",
            "value": { "textContent": "" }
        },
        {
            "id": "img2",
            "lastEdited": 1737249903,
            "component": "image-element",
            "value": { "imageUrl": "./assets/image2.png", "textContent": "High-performance computing infrastructure with advanced cooling systems" }
        },
        {
            "id": "space8",
            "lastEdited": 1737249903,
            "component": "text-element",
            "value": { "textContent": "" }
        },
        {
            "id": "h2env",
            "lastEdited": 1737249903,
            "component": "heading2-element",
            "value": { "textContent": "Environmental Considerations" }
        },
        {
            "id": "env1",
            "lastEdited": 1737249903,
            "component": "text-element",
            "value": {
                "textContent": "The environmental impact of AI infrastructure has become a growing concern. Data centers already account for about 1-2% of global electricity consumption, and AI is driving that number higher. Major tech companies have responded with commitments to renewable energy and carbon neutrality."
            }
        },
        {
            "id": "space9",
            "lastEdited": 1737249903,
            "component": "text-element",
            "value": { "textContent": "" }
        },
        {
            "id": "env2",
            "lastEdited": 1737249903,
            "component": "text-element",
            "value": {
                "textContent": "Water usage is another concern. Many data centers use evaporative cooling, consuming millions of gallons of water annually. In water-stressed regions, this has led to conflicts between tech companies and local communities."
            }
        },
        {
            "id": "space10",
            "lastEdited": 1737249903,
            "component": "text-element",
            "value": { "textContent": "" }
        },
        {
            "id": "h2future",
            "lastEdited": 1737249903,
            "component": "heading2-element",
            "value": { "textContent": "The Future of AI Infrastructure" }
        },
        {
            "id": "future1",
            "lastEdited": 1737249903,
            "component": "text-element",
            "value": {
                "textContent": "As AI models continue to grow in size and capability, the infrastructure requirements will only increase. Industry experts predict that AI-specific data centers will become more common, designed from the ground up for the unique demands of machine learning workloads."
            }
        },
        {
            "id": "space11",
            "lastEdited": 1737249903,
            "component": "text-element",
            "value": { "textContent": "" }
        },
        {
            "id": "list1",
            "lastEdited": 1737249903,
            "component": "list-element",
            "value": { "indent": 0, "references": [], "textContent": "More efficient chip architectures specifically designed for AI inference" }
        },
        {
            "id": "list2",
            "lastEdited": 1737249903,
            "component": "list-element",
            "value": { "indent": 0, "references": [], "textContent": "Edge computing to reduce the load on centralized data centers" }
        },
        {
            "id": "list3",
            "lastEdited": 1737249903,
            "component": "list-element",
            "value": { "indent": 0, "references": [], "textContent": "Advanced cooling technologies including immersion cooling" }
        },
        {
            "id": "list4",
            "lastEdited": 1737249903,
            "component": "list-element",
            "value": { "indent": 0, "references": [], "textContent": "Integration with renewable energy sources and grid-scale storage" }
        },
        {
            "id": "space12",
            "lastEdited": 1737249903,
            "component": "text-element",
            "value": { "textContent": "" }
        },
        {
            "id": "h2conclusion",
            "lastEdited": 1737249903,
            "component": "heading2-element",
            "value": { "textContent": "Conclusion" }
        },
        {
            "id": "conclusion1",
            "lastEdited": 1737249903,
            "component": "text-element",
            "value": {
                "textContent": "The next time you interact with an AI assistant or generate an image with a diffusion model, remember the vast infrastructure making it possible. Data centers are the unsung heroes of the AI revolution, providing the computational muscle that powers our increasingly intelligent digital world."
            }
        },
        {
            "id": "space13",
            "lastEdited": 1737249903,
            "component": "text-element",
            "value": { "textContent": "" }
        },
        {
            "id": "conclusion2",
            "lastEdited": 1737249903,
            "component": "text-element",
            "value": {
                "textContent": "Understanding this relationship between AI and data centers helps us appreciate both the capabilities and limitations of current AI systems, and informs discussions about the sustainable development of this transformative technology."
            }
        },
        {
            "id": "space14",
            "lastEdited": 1737249903,
            "component": "text-element",
            "value": { "textContent": "" }
        }
    ],
    "name": "The Hidden Infrastructure: How AI Depends on Data Centers"
}
